<?xml version="1.0" encoding="UTF-8" ?>
<!DOCTYPE mapper PUBLIC "-//mybatis.org//DTD Mapper 3.0//EN" "http://mybatis.org/dtd/mybatis-3-mapper.dtd" >
<mapper namespace="org.javaboy.vhr.mapper.DepartmentMapper" >
  <resultMap id="BaseResultMap" type="org.javaboy.vhr.bean.Department" >
    <id column="id" property="id" jdbcType="INTEGER" />
    <result column="name" property="name" jdbcType="VARCHAR" />
    <result column="parentId" property="parentid" jdbcType="INTEGER" />
    <result column="depPath" property="deppath" jdbcType="VARCHAR" />
    <result column="enabled" property="enabled" jdbcType="BIT" />
    <result column="isParent" property="isparent" jdbcType="BIT" />
  </resultMap>
  <sql id="Base_Column_List" >
    id, name, parentId, depPath, enabled, isParent
  </sql>
  <select id="selectByPrimaryKey" resultMap="BaseResultMap" parameterType="java.lang.Integer" >
    select 
    <include refid="Base_Column_List" />
    from department
    where id = #{id,jdbcType=INTEGER}
  </select>
  <delete id="deleteByPrimaryKey" parameterType="java.lang.Integer" >
    delete from department
    where id = #{id,jdbcType=INTEGER}
  </delete>
  <insert id="insert" parameterType="org.javaboy.vhr.bean.Department" >
    insert into department (id, name, parentId, 
      depPath, enabled, isParent)
    values (#{id,jdbcType=INTEGER}, #{name,jdbcType=VARCHAR}, #{parentid,jdbcType=INTEGER}, 
      #{deppath,jdbcType=VARCHAR}, #{enabled,jdbcType=BIT}, #{isparent,jdbcType=BIT})
  </insert>
  <insert id="insertSelective" parameterType="org.javaboy.vhr.bean.Department" >
    insert into department
    <trim prefix="(" suffix=")" suffixOverrides="," >
      <if test="id != null" >
        id,
      </if>
      <if test="name != null" >
        name,
      </if>
      <if test="parentid != null" >
        parentId,
      </if>
      <if test="deppath != null" >
        depPath,
      </if>
      <if test="enabled != null" >
        enabled,
      </if>
      <if test="isparent != null" >
        isParent,
      </if>
    </trim>
    <trim prefix="values (" suffix=")" suffixOverrides="," >
      <if test="id != null" >
        #{id,jdbcType=INTEGER},
      </if>
      <if test="name != null" >
        #{name,jdbcType=VARCHAR},
      </if>
      <if test="parentid != null" >
        #{parentid,jdbcType=INTEGER},
      </if>
      <if test="deppath != null" >
        #{deppath,jdbcType=VARCHAR},
      </if>
      <if test="enabled != null" >
        #{enabled,jdbcType=BIT},
      </if>
      <if test="isparent != null" >
        #{isparent,jdbcType=BIT},
      </if>
    </trim>
  </insert>
  <update id="updateByPrimaryKeySelective" parameterType="org.javaboy.vhr.bean.Department" >
    update department
    <set >
      <if test="name != null" >
        name = #{name,jdbcType=VARCHAR},
      </if>
      <if test="parentid != null" >
        parentId = #{parentid,jdbcType=INTEGER},
      </if>
      <if test="deppath != null" >
        depPath = #{deppath,jdbcType=VARCHAR},
      </if>
      <if test="enabled != null" >
        enabled = #{enabled,jdbcType=BIT},
      </if>
      <if test="isparent != null" >
        isParent = #{isparent,jdbcType=BIT},
      </if>
    </set>
    where id = #{id,jdbcType=INTEGER}
  </update>
  <update id="updateByPrimaryKey" parameterType="org.javaboy.vhr.bean.Department" >
    update department
    set name = #{name,jdbcType=VARCHAR},
      parentId = #{parentid,jdbcType=INTEGER},
      depPath = #{deppath,jdbcType=VARCHAR},
      enabled = #{enabled,jdbcType=BIT},
      isParent = #{isparent,jdbcType=BIT}
    where id = #{id,jdbcType=INTEGER}
  </update>
</mapper>