<?xml version="1.0" encoding="UTF-8"?>
<!DOCTYPE generatorConfiguration
  PUBLIC "-//mybatis.org//DTD MyBatis Generator Configuration 1.0//EN"
  "http://mybatis.org/dtd/mybatis-generator-config_1_0.dtd">
<generatorConfiguration>

	<classPathEntry	location="mysql-connector-java-5.1.28.jar"/>
	<context id="DB2Tables"	targetRuntime="MyBatis3">
 <commentGenerator> 

                <property name="suppressAllComments" value="true" /> 

            </commentGenerator>  
		<jdbcConnection driverClass="com.mysql.jdbc.Driver" connectionURL="jdbc:mysql://127.0.0.1:3306/vhr" userId="root" password="root">
		</jdbcConnection>
		<javaTypeResolver>
			<property name="forceBigDecimals" value="false"/>
		</javaTypeResolver>

		<javaModelGenerator targetPackage="org.javaboy.vhr.model" targetProject="src">
			<property name="enableSubPackages" value="true"/>
			<property name="trimStrings" value="true"/>
		</javaModelGenerator>

		<sqlMapGenerator targetPackage="org.javaboy.vhr.mapper" targetProject="src">
			<property name="enableSubPackages" value="true"/>
		</sqlMapGenerator>

		<javaClientGenerator type="XMLMAPPER" targetPackage="org.javaboy.vhr.mapper" targetProject="src">
			<property name="enableSubPackages" value="true"/>
		</javaClientGenerator>
		
		<table tableName="adjustsalary" domainObjectName="AdjustSalary" enableCountByExample="false" enableUpdateByExample="false" enableDeleteByExample="false"
		enableSelectByExample="false" selectByExampleQueryId="false"></table>
		
		<table tableName="appraise" domainObjectName="Appraise" enableCountByExample="false" enableUpdateByExample="false" enableDeleteByExample="false"
		enableSelectByExample="false" selectByExampleQueryId="false"></table>
		
		<table tableName="department" domainObjectName="Department" enableCountByExample="false" enableUpdateByExample="false" enableDeleteByExample="false"
		enableSelectByExample="false" selectByExampleQueryId="false"></table>
		
		<table tableName="employee" domainObjectName="Employee" enableCountByExample="false" enableUpdateByExample="false" enableDeleteByExample="false"
		enableSelectByExample="false" selectByExampleQueryId="false"></table>
		
		<table tableName="employeeec" domainObjectName="Employeeec" enableCountByExample="false" enableUpdateByExample="false" enableDeleteByExample="false"
		enableSelectByExample="false" selectByExampleQueryId="false"></table>
		
		<table tableName="employeeremove" domainObjectName="Employeeremove" enableCountByExample="false" enableUpdateByExample="false" enableDeleteByExample="false"
		enableSelectByExample="false" selectByExampleQueryId="false"></table>
		
		<table tableName="employeetrain" domainObjectName="Employeetrain" enableCountByExample="false" enableUpdateByExample="false" enableDeleteByExample="false"
		enableSelectByExample="false" selectByExampleQueryId="false"></table>
		
		<table tableName="empsalary" domainObjectName="EmpSalary" enableCountByExample="false" enableUpdateByExample="false" enableDeleteByExample="false"
		enableSelectByExample="false" selectByExampleQueryId="false"></table>
		
		<table tableName="hr" domainObjectName="Hr" enableCountByExample="false" enableUpdateByExample="false" enableDeleteByExample="false"
		enableSelectByExample="false" selectByExampleQueryId="false"></table>
		
		<table tableName="hr_role" domainObjectName="HrRole" enableCountByExample="false" enableUpdateByExample="false" enableDeleteByExample="false"
		enableSelectByExample="false" selectByExampleQueryId="false"></table>
		
		<table tableName="joblevel" domainObjectName="JObLevel" enableCountByExample="false" enableUpdateByExample="false" enableDeleteByExample="false"
		enableSelectByExample="false" selectByExampleQueryId="false"></table>
		
		<table tableName="menu" domainObjectName="Menu" enableCountByExample="false" enableUpdateByExample="false" enableDeleteByExample="false"
		enableSelectByExample="false" selectByExampleQueryId="false"></table>
		<table tableName="menu_role" domainObjectName="MenuRole" enableCountByExample="false" enableUpdateByExample="false" enableDeleteByExample="false"
		enableSelectByExample="false" selectByExampleQueryId="false"></table>
		
		<table tableName="msgcontent" domainObjectName="MsgContent" enableCountByExample="false" enableUpdateByExample="false" enableDeleteByExample="false"
		enableSelectByExample="false" selectByExampleQueryId="false"></table>
		
		<table tableName="nation" domainObjectName="Nation" enableCountByExample="false" enableUpdateByExample="false" enableDeleteByExample="false"
		enableSelectByExample="false" selectByExampleQueryId="false"></table>
		
		<table tableName="oplog" domainObjectName="OpLog" enableCountByExample="false" enableUpdateByExample="false" enableDeleteByExample="false"
		enableSelectByExample="false" selectByExampleQueryId="false"></table>
		
		<table tableName="politicsstatus" domainObjectName="Politicsstatus" enableCountByExample="false" enableUpdateByExample="false" enableDeleteByExample="false"
		enableSelectByExample="false" selectByExampleQueryId="false"></table>
		
		
		<table tableName="position" domainObjectName="Position" enableCountByExample="false" enableUpdateByExample="false" enableDeleteByExample="false"
		enableSelectByExample="false" selectByExampleQueryId="false"></table>
		
		
		<table tableName="role" domainObjectName="Role" enableCountByExample="false" enableUpdateByExample="false" enableDeleteByExample="false"
		enableSelectByExample="false" selectByExampleQueryId="false"></table>
		
		<table tableName="salary" domainObjectName="Salary" enableCountByExample="false" enableUpdateByExample="false" enableDeleteByExample="false"
		enableSelectByExample="false" selectByExampleQueryId="false"></table>
		
		<table tableName="sysmsg" domainObjectName="SysMsg" enableCountByExample="false" enableUpdateByExample="false" enableDeleteByExample="false"
		enableSelectByExample="false" selectByExampleQueryId="false"></table>
	</context>
</generatorConfiguration>
